Top queries,Clicks,Impressions,CTR,Position
legacy boxing,163,1362,11.97%,7.67
legacy boxing state college,47,83,56.63%,1.95
boxing state college,19,47,40.43%,1.64
legacy boxing gym,15,655,2.29%,9.78
boxing gyms near me,13,100,13%,4.87
boxing classes near me,10,56,17.86%,3.82
boxing near me,9,43,20.93%,2.81
boxing gym state college,8,33,24.24%,5.82
legacy boxing and combat sports academy,8,22,36.36%,5.55
boxing gym near me,7,48,14.58%,3.77
mma gyms near me,5,85,5.88%,5.46
legacy boxing club,3,265,1.13%,13.54
derek roth,3,79,3.8%,8.68
martial arts near me,3,18,16.67%,7.56
boxing gyms,3,15,20%,8.27
boxing gym,3,12,25%,3.58
kickboxing near me,3,10,30%,4.5
legacy gym,3,4,75%,1
mma state college,2,128,1.56%,4.5
jiu jitsu state college,2,51,3.92%,8.37
martial arts state college,2,43,4.65%,8.4
jiu jitsu near me,2,37,5.41%,5.81
boxing lessons near me,2,20,10%,6
boxing clubs near me,2,8,25%,2.25
boxing lessons,2,6,33.33%,2.5
mma for kids near me,2,3,66.67%,1
boxing gyms near me with sparring,2,2,100%,1.5
boxing,1,117,0.85%,6.24
legacy combat sports,1,104,0.96%,5.31
penn state mma,1,51,1.96%,10.25
mma near me,1,39,2.56%,5.18
legacyboxing,1,27,3.7%,7.63
martial arts gyms near me,1,20,5%,5.9
mma classes near me,1,14,7.14%,4.14
boxing classes,1,10,10%,2.2
muay thai,1,10,10%,5.9
beginner boxing classes near me,1,10,10%,55
gyms in state college pa,1,9,11.11%,39.44
bjj near me,1,8,12.5%,10.38
kick boxing near me,1,7,14.29%,8.57
kids boxing near me,1,6,16.67%,1
mma clubs near me,1,5,20%,3.8
kick boxing classes near me,1,4,25%,1.25
boxing club near me,1,4,25%,2.5
boxing nesr me,1,2,50%,1
female boxing classes near me,1,2,50%,1
kids muay thai,1,2,50%,1
teen boxing classes,1,2,50%,1
boxing classes for kids near me,1,2,50%,2.5
local boxing gyms,1,2,50%,3.5
youth boxing near me,1,2,50%,3.5
boxing for women near me,1,2,50%,5
self defense martial arts,1,2,50%,5.5
jiujitsu near me,1,2,50%,6
gracie jiu jitsu,1,2,50%,7
workout classes near me,1,2,50%,15
boxing academy,1,1,100%,1
boxing classes near me for beginners,1,1,100%,1
boxing for kids near me for beginners,1,1,100%,1
boxing places,1,1,100%,1
free boxing gym near me,1,1,100%,1
spar boxing gym,1,1,100%,1
boxing fir kids,1,1,100%,2
kids mma classes near me,1,1,100%,4
wrestling classes near me,1,1,100%,6
legacy,0,118,0%,2.64
legacy boxing latest,0,113,0%,14.5
penn state boxing,0,104,0%,15
combat sports academy near me,0,99,0%,45.91
training for pro mma fighters hatfield pa,0,83,0%,29.58
the legacy boxing gym,0,73,0%,15.92
legacy mma,0,62,0%,20.63
psu boxing,0,57,0%,13.33
teen mma classes pennsylvania,0,42,0%,17.9
boxing legacy,0,40,0%,15.88
boxing pa,0,39,0%,5.21
legxcy boxing,0,39,0%,8.26
legacy boxing & fitness,0,39,0%,16.18
legacy mma gym,0,38,0%,13.5
legacy boxing gym latest,0,37,0%,11.03
penn state boxing club,0,35,0%,13.14
legacy boxing and fitness,0,31,0%,17.52
legacy mixed martial arts,0,26,0%,25.27
combat sports academy,0,25,0%,28.68
legacy boxing club coach bios,0,25,0%,36.24
state college mma,0,24,0%,5.79
ibjjf usa boxing certified gym,0,22,0%,4.18
psu boxing club,0,21,0%,9.33
the legacy boxing club,0,21,0%,20.52
bj mma school,0,21,0%,34.43
youth boxing program hatfield pa,0,21,0%,44.81
boxing weight classes,0,20,0%,13.35
mma gym,0,18,0%,5.39
muay thai near me,0,18,0%,6.06
kickboxing,0,16,0%,1.38
gym,0,16,0%,5.75
self defense classes near me,0,16,0%,7.81
legacy kickboxing,0,16,0%,19.38
legacyboxing latest,0,15,0%,13.47
pa combat sports,0,15,0%,26.13
pennsylvania combat sports,0,15,0%,26.8
boxing and wrestling near me,0,15,0%,51.4
"central pa mixed martial arts, martial arts school, state college",0,14,0%,20.07
legacy muay thai,0,14,0%,42.93
boxing state,0,13,0%,7.38
penn state boxing team,0,13,0%,7.77
penn state mma club,0,13,0%,11.31
first state boxing,0,13,0%,31.08
legacy boxing and fitness llc,0,13,0%,50
state boxing,0,12,0%,10.08
penn state bjj club latest,0,12,0%,10.83
college boxing,0,12,0%,44.33
title boxing,0,11,0%,1.45
legacy combat,0,11,0%,13.36
mma legacy,0,11,0%,28.27
boxing colleges,0,11,0%,41.55
mma training,0,10,0%,7.1
pa boxing,0,10,0%,7.4
"legacy combat sports, martial arts school, joplin",0,10,0%,22
boxing grappling,0,10,0%,75
judo,0,9,0%,4.11
mma classes,0,9,0%,4.56
martial arts classes,0,9,0%,6.33
legacy fight team,0,9,0%,12.56
legacy fitness and boxing,0,9,0%,35.78
penn state jiu jitsu,0,8,0%,10.5
legacy boxing club latest,0,8,0%,13
legacy striking academy,0,8,0%,13.12
"legacy kickboxing, boxing studio, bartlesville",0,8,0%,14.38
"penn state boxing, sports club, university park",0,8,0%,22
gyms near me,0,8,0%,29.88
gyms state college,0,8,0%,31.38
legacy boxers,0,8,0%,41.75
legacy muay thai and fitness,0,8,0%,66.25
colleges with boxing,0,8,0%,76.25
legacy boxing camp,0,7,0%,9.86
combat sports coaching,0,7,0%,16.29
penn state club boxing,0,7,0%,18.43
legacy fight club,0,7,0%,21.14
legacy mma club,0,7,0%,26
boxer legacy,0,7,0%,28
legacy boxing belleville nj,0,7,0%,39.43
legacy boxing nj,0,7,0%,60.71
private boxing lessons near me,0,7,0%,64
private mma lessons,0,7,0%,67.71
combat sports near me,0,6,0%,1
mma gym near me,0,6,0%,4.17
boxing training near me,0,6,0%,6.17
"black swamp combat academy, self defense school, pioneer",0,6,0%,11.67
legacy youth boxing club,0,6,0%,21
legacy boxer,0,6,0%,35.67
private mma training,0,6,0%,45
mma training hatfield pa,0,6,0%,46.67
swing state boxing,0,6,0%,48.33
what colleges have boxing,0,6,0%,56.83
colleges for boxing,0,6,0%,66.83
boxing club,0,5,0%,1
site:http://legacy-boxing.com,0,5,0%,1
box state,0,5,0%,2.4
jiu jitsu,0,5,0%,5.4
mma training near me,0,5,0%,5.4
boxing classes near me for kids,0,5,0%,5.6
mma,0,5,0%,5.8
judo near me,0,5,0%,7.6
#legacyboxing,0,5,0%,8.6
bjj gyms near me,0,5,0%,8.8
boxing gyms near me for adults,0,5,0%,9.2
legacy sports,0,5,0%,11.4
boxing in pa,0,5,0%,18.2
boxing in pennsylvania,0,5,0%,18.4
legacy fitness butler pa,0,5,0%,47.6
real boxing club,0,5,0%,51.4
harrowgate boxing gym,0,5,0%,69.6
colleges with boxing teams,0,5,0%,80
boxing gym erie pa,0,5,0%,87.8
mma or boxing gyms near me,0,5,0%,93.2
boxing gyms near me for kids,0,4,0%,1
kids boxing,0,4,0%,1
womens boxing,0,4,0%,1
boxing for kids near me,0,4,0%,2.25
mma training mountain seattlesportsonlinec,0,4,0%,2.5
boxing.,0,4,0%,3
training boxing,0,4,0%,5.5
gymnastics near me,0,4,0%,6.75
penn state university,0,4,0%,9
legency boxing,0,4,0%,14.5
penn state mma club latest,0,4,0%,14.75
"sonic jiu-jitsu and mma, martial arts school, franklin",0,4,0%,17
state college gyms,0,4,0%,24.5
legacy boxing club vero beach,0,4,0%,31
boxing in college,0,4,0%,38.75
gyms in state college,0,4,0%,39.5
pro legacy sports academy,0,4,0%,40.5
muay thai legacy,0,4,0%,47.25
one legacy training center,0,4,0%,51.75
combat sports academy schedule,0,4,0%,52.25
legacy boxing club nj,0,4,0%,52.25
collegiate boxing,0,4,0%,57.75
palm coast combat sports,0,4,0%,67.5
real boxing gym,0,4,0%,69.5
college boxing teams,0,4,0%,70.75
kickboxing schools pennsylvania,0,4,0%,86
adult boxing classes near me,0,3,0%,1
gimnasio de mma cerca de mi,0,3,0%,1
gracie bjj,0,3,0%,1
karate school for kids near me,0,3,0%,1
legacy address,0,3,0%,1
combat sports gyms near me,0,3,0%,1.33
legacy martial arts,0,3,0%,2
the legacy,0,3,0%,2
escuela de boxeo cerca de mi,0,3,0%,2.33
mma coach near me,0,3,0%,2.33
krav maga near me,0,3,0%,4
mma kids,0,3,0%,4
state college mma gym,0,3,0%,5
the ultimate boxing experience thesportshouse,0,3,0%,5
judo gyms near me,0,3,0%,5.33
mma gum,0,3,0%,5.33
mma club near me,0,3,0%,5.67
silver gloves boxing,0,3,0%,5.67
jiu jitsu gyms near me,0,3,0%,7
college boxing schools,0,3,0%,8.33
brazilian jiu jitsu,0,3,0%,9
the legacy boxing club membership,0,3,0%,9.33
mma places near me,0,3,0%,9.67
legacy fitness and boxing membership,0,3,0%,10
professional boxing,0,3,0%,10.33
legacy dojo jiu jitsu - muay thai,0,3,0%,10.67
boxing colleges near me,0,3,0%,15
pennsylvania boxing,0,3,0%,16.67
boxing college,0,3,0%,17.67
boxing classes in kogi state,0,3,0%,18
"revolution combat sports, personal coach, mount pleasant",0,3,0%,18.33
college mma,0,3,0%,19
gyms with mma classes near me no car required,0,3,0%,26.33
legacy combat mma & fitness,0,3,0%,27.33
high school boxing,0,3,0%,34.33
first state boxing club,0,3,0%,40.67
competitive boxing gyms near me,0,3,0%,46.67
legacy mma braselton,0,3,0%,47
judo for mixed martial arts,0,3,0%,51.33
amateur boxing clubs near me,0,3,0%,54.33
high schools that have boxing near me,0,3,0%,54.67
high schools with boxing teams,0,3,0%,63
boxing allentown pa,0,3,0%,70.33
state of fitness boxing club,0,3,0%,72.33
what colleges have boxing teams,0,3,0%,78.33
university boxing gym,0,3,0%,81
boxing gym allentown pa,0,3,0%,85.67
boxing gyms allentown pa,0,3,0%,90.33
isu boxing,0,3,0%,93
boxing gyms reading pa,0,3,0%,96.67
amateur boxing near me,0,2,0%,1
boxing class,0,2,0%,1
boxing for kids,0,2,0%,1
boxing gy,0,2,0%,1
boxing near me for beginners,0,2,0%,1
boxing newr me,0,2,0%,1
boxing training,0,2,0%,1
does penn state have boxing,0,2,0%,1
kickboxing for kids,0,2,0%,1
kockboxing,0,2,0%,1
legacy phone number,0,2,0%,1
team training,0,2,0%,1
boxing for beginners,0,2,0%,1.5
boxers,0,2,0%,2
boxing fitness near me,0,2,0%,2
cardio kickboxing near me,0,2,0%,2
kick boxing,0,2,0%,2
title boxing shop,0,2,0%,2
boxing equipment near me,0,2,0%,2.5
legacy sport,0,2,0%,3
martial arts,0,2,0%,3
youth boxing classes near me,0,2,0%,3.5
boxing lessons price,0,2,0%,4
kickboxing classes,0,2,0%,4
open mat near me,0,2,0%,4
mma fight near me,0,2,0%,4.5
parkinson's boxing near me,0,2,0%,4.5
combat school,0,2,0%,5
kids mma near me,0,2,0%,5
legacy brazilian jiu jitsu,0,2,0%,5
mma psu,0,2,0%,5
fitness boxing,0,2,0%,5.5
jujutsu trainer porn game,0,2,0%,5.5
kids boxing classes near me,0,2,0%,5.5
mma boxing near me,0,2,0%,5.5
mma near ne,0,2,0%,5.5
self defense classes,0,2,0%,5.5
boxing classes near me for teens,0,2,0%,6
jiu jitsu schools near me,0,2,0%,6
kids jiu jitsu near me,0,2,0%,6
muay thai classes,0,2,0%,6
muay thai gyms near me,0,2,0%,6
kickboxing classes near me,0,2,0%,7.5
kids boxing lessons near me,0,2,0%,8
mma club,0,2,0%,8
bjj studios near me,0,2,0%,8.5
boxing academy usa,0,2,0%,8.5
boxing coach in corner,0,2,0%,8.5
kids gymnastics near me,0,2,0%,8.5
legacy boxing gym photos,0,2,0%,8.5
tai chi classes near me for adults,0,2,0%,8.5
legacy athletics gym,0,2,0%,9
mma nearby,0,2,0%,9
bjj dojos near me,0,2,0%,9.5
fighting near me,0,2,0%,9.5
women's boxing classes,0,2,0%,9.5
karate near me,0,2,0%,10
boxing places near me,0,2,0%,10.5
jiu jitsu for kids near me,0,2,0%,11
combat arts,0,2,0%,11.5
mma gyms,0,2,0%,11.5
muay thai gloves,0,2,0%,11.5
psu kickboxing,0,2,0%,11.5
legacy fighting academy,0,2,0%,12
mma weight classes,0,2,0%,13
one legacy boxing latest,0,2,0%,13
best boxing colleges,0,2,0%,14
legacy martial arts academy,0,2,0%,14
fighting classes near me,0,2,0%,14.5
combat legacy,0,2,0%,15
real boxing near me,0,2,0%,15
state college martial arts,0,2,0%,15.5
"legacy youth boxing club lorain, club de boxeo, lorain",0,2,0%,16
fighting centre (fightincentre) latest,0,2,0%,18.5
fight sports legacy,0,2,0%,19.5
"legacy youth boxing club lorain, boxing studio, lorain",0,2,0%,19.5
mma state,0,2,0%,23.5
personal trainer state college,0,2,0%,25
usa boxing certified,0,2,0%,31
legacy boxing and fitness llc photos,0,2,0%,32.5
legacy boxing wayne,0,2,0%,35.5
mma training facility harleysville pa,0,2,0%,38
gyms state college pa,0,2,0%,38.5
where to start boxing near me,0,2,0%,43
university of combat sports,0,2,0%,44
legacy mma karate,0,2,0%,45
legacy boxing spokane,0,2,0%,45.5
gym in state college pennsylvania,0,2,0%,51
bjj gym in muncy pennsylvania,0,2,0%,51.5
north penn boxing,0,2,0%,54.5
private mma coach near me,0,2,0%,55.5
legacy fighter,0,2,0%,57.5
osu boxing,0,2,0%,58
legacy fighting arts,0,2,0%,61
psf legacy,0,2,0%,61
private kickboxing trainer,0,2,0%,62.5
jinji boxing,0,2,0%,63
boxing mma training,0,2,0%,64.5
north penn boxing and kickboxing,0,2,0%,67
real+boxing+gym,0,2,0%,67
legacy thai boxing,0,2,0%,68.5
silver state boxing,0,2,0%,68.5
world class boxing kingston pa,0,2,0%,69
state of fitness boxing,0,2,0%,71.5
mma private training,0,2,0%,72.5
mma boxing training,0,2,0%,73
build a fighter boxing club,0,2,0%,74.5
corso boxe,0,2,0%,76.5
pennsylvania boxing commission,0,2,0%,77
do colleges have boxing teams,0,2,0%,77.5
legacy burbank schedule,0,2,0%,80
boxing gym york pa,0,2,0%,81
bjj mma camps,0,2,0%,88
boxing classes for 14 year olds near me,0,2,0%,89.5
combat training gym,0,2,0%,91
muay thai private training,0,2,0%,92
penn state boxers,0,2,0%,93.5
colleges with boxing programs,0,2,0%,94
legacy fitness kenosha,0,2,0%,96.5
boxing scranton pa,0,2,0%,97
boxing york pa,0,2,0%,98.5
5 year old boxing classes,0,1,0%,1
a boxing,0,1,0%,1
adult kickboxing classes,0,1,0%,1
amateur mma fights near me,0,1,0%,1
beginner mma gyms near me,0,1,0%,1
best boxing gyms,0,1,0%,1
boxeo near me,0,1,0%,1
boxing academy near me,0,1,0%,1
boxing areas near me,0,1,0%,1
boxing beginner classes,0,1,0%,1
boxing class near me,0,1,0%,1
boxing classes for teens near me,0,1,0%,1
boxing coach,0,1,0%,1
boxing fitness,0,1,0%,1
boxing gym for kids,0,1,0%,1
boxing gym puerto rico,0,1,0%,1
boxing kids,0,1,0%,1
boxing lessons for teens near me,0,1,0%,1
boxing near me for adults,0,1,0%,1
boxing on tv tonight,0,1,0%,1
boxing personal coach,0,1,0%,1
boxing rink near me,0,1,0%,1
boxing title,0,1,0%,1
boxing training kids,0,1,0%,1
brazilian jiu jitsu near me,0,1,0%,1
cheap boxing classes near me,0,1,0%,1
cheap boxing gyms,0,1,0%,1
church street boxing,0,1,0%,1
club boxing,0,1,0%,1
club de boxe,0,1,0%,1
college for boxing,0,1,0%,1
family taekwondo,0,1,0%,1
fight coach,0,1,0%,1
fight gym near me,0,1,0%,1
fighting lessons,0,1,0%,1
free boxing classes near me,0,1,0%,1
free fighting classes near me,0,1,0%,1
gracie barra near me,0,1,0%,1
gymnastics,0,1,0%,1
gymnastics gym,0,1,0%,1
hema class,0,1,0%,1
is there any boxing gyms near me,0,1,0%,1
jiu jitsu classes near me,0,1,0%,1
judo training,0,1,0%,1
jujutsu classes near me,0,1,0%,1
kick boxing gyms near me,0,1,0%,1
kickboxing class,0,1,0%,1
kickboxing classes for women near me,0,1,0%,1
kickboxing gyms near me,0,1,0%,1
kids karate lessons near me,0,1,0%,1
learn to box,0,1,0%,1
legact,0,1,0%,1
legacy adress,0,1,0%,1
legacy athletics,0,1,0%,1
legacy health,0,1,0%,1
legacy hours,0,1,0%,1
light boxing,0,1,0%,1
local mma gyms,0,1,0%,1
lombardmma,0,1,0%,1
martial class,0,1,0%,1
mexican boxing gym,0,1,0%,1
mma fighting classes near me,0,1,0%,1
mma gloves near me,0,1,0%,1
mma gyms near by,0,1,0%,1
mma store,0,1,0%,1
mma trainers near me,0,1,0%,1
muay thai boxing near me,0,1,0%,1
newcomers club near me,0,1,0%,1
philly boxing gyms,0,1,0%,1
professional boxing trainer,0,1,0%,1
sambo gym near me,0,1,0%,1
school boxing,0,1,0%,1
the legacy gym,0,1,0%,1
title boxing locations,0,1,0%,1
title gym,0,1,0%,1
title.boxing,0,1,0%,1
toddler kickboxing,0,1,0%,1
ufc classes near me,0,1,0%,1
ufc gym,0,1,0%,1
uni boxing,0,1,0%,1
what is the closest boxing gym to me,0,1,0%,1
women's boxing classes near me,0,1,0%,1
womens boxing near me,0,1,0%,1
youth martial arts near me,0,1,0%,1
blitz boxing newtown,0,1,0%,2
boxing 101,0,1,0%,2
boxing tonight,0,1,0%,2
cardio kickboxing training,0,1,0%,2
children's mma near me,0,1,0%,2
coach boxing,0,1,0%,2
combat athletics academy,0,1,0%,2
combat training near me,0,1,0%,2
combative training,0,1,0%,2
fairtex muay thai,0,1,0%,2
fightclub hair,0,1,0%,2
fighting gyms near me,0,1,0%,2
home of boxing,0,1,0%,2
impact boxing,0,1,0%,2
judo instructor,0,1,0%,2
kickbox,0,1,0%,2
kids boxing classes,0,1,0%,2
kids mma classes,0,1,0%,2
kings mma,0,1,0%,2
legacy dojo,0,1,0%,2
legacy gymnastics center,0,1,0%,2
legacy jui jitsu,0,1,0%,2
legayc,0,1,0%,2
martial classes,0,1,0%,2
private kickboxing classes,0,1,0%,2
private mma coach,0,1,0%,2
punching bag classes near me,0,1,0%,2
small kids boxing,0,1,0%,2
titleboxing,0,1,0%,2
tko boxing,0,1,0%,2
training for boxing,0,1,0%,2
where to learn how to box near me,0,1,0%,2
world class boxing gym,0,1,0%,2
boxing for 5 year old,0,1,0%,3
boxing lessons for kids near me,0,1,0%,3
boxing science,0,1,0%,3
bxoing,0,1,0%,3
cheap mma classes near me,0,1,0%,3
combat academy,0,1,0%,3
combat classes near me,0,1,0%,3
couples boxing,0,1,0%,3
kick boxing classes for women,0,1,0%,3
legacy pa,0,1,0%,3
mixed martial arts gym near me,0,1,0%,3
muay thai personal trainer,0,1,0%,3
noxing,0,1,0%,3
shin pads kickboxing,0,1,0%,3
stallworth boxing academy,0,1,0%,3
women's kickboxing,0,1,0%,3
bag work classes for beginners,0,1,0%,4
beginner boxing gyms near me,0,1,0%,4
bixing,0,1,0%,4
boxer training,0,1,0%,4
boxing gyms near me within 5 mi,0,1,0%,4
boxing rink,0,1,0%,4
boxing training for beginners,0,1,0%,4
boxing workout,0,1,0%,4
cello boxing,0,1,0%,4
combat fitness,0,1,0%,4
free mma classes near me,0,1,0%,4
gimnasio de boxeo cerca de mi,0,1,0%,4
jiu-jitsu near me,0,1,0%,4
joshua van gym,0,1,0%,4
kickboxing near me for women,0,1,0%,4
kids mma,0,1,0%,4
legacey,0,1,0%,4
legacy boxing club nj photos,0,1,0%,4
legacy boxing club photos,0,1,0%,4
mma dojos near me,0,1,0%,4
mma gyms newr me,0,1,0%,4
mma lessons,0,1,0%,4
ncba weight classes,0,1,0%,4
sparring gyms near me,0,1,0%,4
stage combat classes near me,0,1,0%,4
therapeutic boxing,0,1,0%,4
ufc training for kids near me,0,1,0%,4
underground fight club,0,1,0%,4
usa boxing club,0,1,0%,4
wrestling and boxing gym,0,1,0%,4
beginner mma near me,0,1,0%,5
best mma gyms near me,0,1,0%,5
boxing clubs,0,1,0%,5
boxing nearby,0,1,0%,5
combatives,0,1,0%,5
how much does it cost,0,1,0%,5
jiu.jitsu near me,0,1,0%,5
local mma fights near me,0,1,0%,5
martial arts gym,0,1,0%,5
mma schools near me,0,1,0%,5
muay thai club,0,1,0%,5
private boxing coaches near me,0,1,0%,5
state of fitness boxing club photos,0,1,0%,5
beginner kickboxing classes,0,1,0%,6
best boxing gym in the world,0,1,0%,6
boxing class.near me,0,1,0%,6
boxing gyms near,0,1,0%,6
boxing places near me for teens,0,1,0%,6
boxing schools near me for kids,0,1,0%,6
jungle savate,0,1,0%,6
lagecy,0,1,0%,6
legacy jiu jitsu,0,1,0%,6
lock haven boxing club,0,1,0%,6
mma camp near me,0,1,0%,6
mma fight club near me,0,1,0%,6
mua thai near me,0,1,0%,6
muay thai lessons near me,0,1,0%,6
wall boxing,0,1,0%,6
boxing dummy,0,1,0%,7
boxing gyms nesr me,0,1,0%,7
boxing sport,0,1,0%,7
classes near me,0,1,0%,7
combat gyms near me,0,1,0%,7
group boxing classes near me,0,1,0%,7
kickboxing nearme,0,1,0%,7
mma fighting for kids near me,0,1,0%,7
mma fights near me,0,1,0%,7
mma gy,0,1,0%,7
mma gyms near.me,0,1,0%,7
"mma training programs -site:youtube.com -site:reddit.com -site:x.com 
-site:twitter.com -site:facebook.com -site:instagram.com -site:tiktok.com 
-site:linkedin.com -site:pinterest.com -site:nytimes.com -site:wsj.com 
-site:yelp.com -site:rottentomatoes.com",0,1,0%,7
one on one mma training,0,1,0%,7
penn mma club,0,1,0%,7
toddler jiu jitsu near me,0,1,0%,7
adult boxing machine,0,1,0%,8
bixing ring,0,1,0%,8
boxinf,0,1,0%,8
boxing arenas near me,0,1,0%,8
boxing classes for 12 year olds near me,0,1,0%,8
boxing for 4 year olds near me,0,1,0%,8
boxing school,0,1,0%,8
brazilian jiu jitsu self defense,0,1,0%,8
fight sports tonight,0,1,0%,8
great circle underground boxing ring,0,1,0%,8
kickboxing exercise classes near me,0,1,0%,8
kids martial arts near me,0,1,0%,8
mma wrestling near me,0,1,0%,8
private jujitsu lessons,0,1,0%,8
self defense women class,0,1,0%,8
sports legacy fitness photos,0,1,0%,8
wrestling gyms near me,0,1,0%,8
wrestling mats for sale,0,1,0%,8
boxing companies,0,1,0%,9
boxing gym photos,0,1,0%,9
kenjutsu near me,0,1,0%,9
kick boxing classes near me for women,0,1,0%,9
legacy academia,0,1,0%,9
legacy boxing lower sackville,0,1,0%,9
legion mma,0,1,0%,9
top rated boxing gyms near me,0,1,0%,9
bjj classes near me,0,1,0%,10
boxer school,0,1,0%,10
brazilian jiu jitsu classes near me,0,1,0%,10
combat sports center,0,1,0%,10
gymnastic for kids,0,1,0%,10
gymnastics for kids near me,0,1,0%,10
gymnastics near me for kids,0,1,0%,10
kung fu in a real fight,0,1,0%,10
legacy bjj,0,1,0%,10
mayweather boxing + fitness,0,1,0%,10
ring boxing,0,1,0%,10
thesportshouse combat sports,0,1,0%,10
boxing gym near me beginners,0,1,0%,11
boxing lessons near me for kids,0,1,0%,11
boxing near me for kids,0,1,0%,11
empire boxing gym,0,1,0%,11
gymnastics class for kids,0,1,0%,11
judo boxing near me,0,1,0%,11
legacy boxing studio,0,1,0%,11
legacy sports academy,0,1,0%,11
martial art classes near me,0,1,0%,11
mma fighting near me,0,1,0%,11
youth mixed martial arts,0,1,0%,11
box weight classes,0,1,0%,12
fight class,0,1,0%,12
"i am a fan of football, soccer, boxing or mixed martial arts and i am open 
to grilling. i also enjoy adventure activities like camping, fishing, and 
hunting, and thus have a need to cook food outdoors. how quickly does the 
kingsford charcoal starter ignite compared to other brands?",0,1,0%,12
legacy athletics- basketball training and sports conditioning,0,1,0%,12
ab workout for boxing,0,1,0%,13
boxing gym easton pa,0,1,0%,13
boxing weightclasses,0,1,0%,13
children classes near me,0,1,0%,13
fsu boxing,0,1,0%,13
martial arts karate near me,0,1,0%,13
public boxing gyms near me,0,1,0%,13
ufc boxing gyms near me,0,1,0%,13
combat,0,1,0%,14
combat sports,0,1,0%,14
mma arts,0,1,0%,14
shark boxing,0,1,0%,14
boxing laila,0,1,0%,15
legacybjj,0,1,0%,15
shumba combat sports academy,0,1,0%,15
youth boxing lessons near me,0,1,0%,15
boxing halter,0,1,0%,16
heavy bag training,0,1,0%,16
legacy mma fitness,0,1,0%,16
music boxing trainer,0,1,0%,16
obrazek,0,1,0%,16
one legacy training,0,1,0%,16
"legacy boxing club lorain, boxing studio, lorain",0,1,0%,17
osu boxing class,0,1,0%,17
legacy muay thai gym,0,1,0%,18
martial arts near me for adults,0,1,0%,18
"the scrap yard boxing club, boxing studio, carlisle",0,1,0%,18
boxing training gym,0,1,0%,19
"real cage fighting, martial arts school",0,1,0%,19
where can i start boxing,0,1,0%,19
ksu boxing,0,1,0%,20
mma training class,0,1,0%,20
penn state bjj latest,0,1,0%,20
boxing classes in electronic city,0,1,0%,21
college park mma,0,1,0%,21
fitness classes near me,0,1,0%,21
mma for kids,0,1,0%,21
combat boxing,0,1,0%,22
legacy mma and fitness,0,1,0%,22
boxing trainers near me,0,1,0%,24
kick boxing gym near me,0,1,0%,25
boxing training for kids with patient coaches,0,1,0%,27
fighting gyms,0,1,0%,27
the legacy boxing club photos,0,1,0%,27
yes,0,1,0%,27
best mma gyms in pennsylvania,0,1,0%,28
state college pa gym,0,1,0%,28
amatuer boxing clubs near me,0,1,0%,29
university of boxing,0,1,0%,29
best private gyms near me,0,1,0%,30
boxing club osu,0,1,0%,30
fight legacy,0,1,0%,30
academia de boxing,0,1,0%,31
boxing for teens near me,0,1,0%,32
local private gyms near me,0,1,0%,33
workout classes state college,0,1,0%,33
legacy bjj schedule,0,1,0%,34
mma allentown pa,0,1,0%,34
diamond state mma,0,1,0%,36
legacy martial arts family fitness center,0,1,0%,37
battlegrounds boxing club,0,1,0%,38
bjj harleysville pa,0,1,0%,39
state college pa gyms,0,1,0%,39
derek jiu,0,1,0%,40
amateur boxing club near me,0,1,0%,44
first state boxing club inc / delaware fight factory,0,1,0%,44
fitness state college,0,1,0%,44
mma training facility hatfield pa,0,1,0%,44
"legacy jiu jitsu, martial arts school",0,1,0%,45
mma fight team hatfield pa,0,1,0%,47
reign city athletics boxing gym,0,1,0%,47
boxing classes scranton pa,0,1,0%,48
swing state boxing club,0,1,0%,48
fluid martial arts academy,0,1,0%,49
legacy boxing club kaiserslautern,0,1,0%,49
checkered past mma gym,0,1,0%,51
port city combat sports,0,1,0%,51
pa athletic commission,0,1,0%,52
butler cubs boxing,0,1,0%,53
where to learn boxing near me,0,1,0%,53
muay thai gym near me,0,1,0%,55
combat sports gym near me,0,1,0%,56
local mma classes,0,1,0%,58
real boxing gym near me,0,1,0%,59
legacy boxing promotions,0,1,0%,60
boxing university gym,0,1,0%,61
school mma,0,1,0%,62
family boxing and siri jiu jitsu fitness center twin falls,0,1,0%,63
pittsburgh martial arts & boxing academy,0,1,0%,63
boxing schools,0,1,0%,64
rodriguez boxing academy,0,1,0%,64
boxing/mma gyms near me,0,1,0%,66
amature boxing gyms near me,0,1,0%,68
boxing course near me,0,1,0%,70
mma training camps usa,0,1,0%,70
boxing gym scranton pa,0,1,0%,72
boxing gyms pittsburgh pa,0,1,0%,72
academia de boxe perto de mim,0,1,0%,74
soviet boxing gym near me,0,1,0%,75
boxe coach,0,1,0%,78
colleges that have boxing,0,1,0%,79
boxing belleville,0,1,0%,80
mma gym classes,0,1,0%,80
professional boxing gyms near me,0,1,0%,80
boxing classes allentown pa,0,1,0%,81
boxing gym lancaster pa,0,1,0%,84
ohio state university boxing,0,1,0%,85
state street boxing,0,1,0%,85
boxing classes erie pa,0,1,0%,86
boxing reading pa,0,1,0%,87
boxing class pittsburgh,0,1,0%,88
ufc penn state,0,1,0%,88
boxing classes lancaster pa,0,1,0%,89
boxing gyms erie pa,0,1,0%,89
state street boxing gym,0,1,0%,89
boxing for youths,0,1,0%,90
mma training programs,0,1,0%,91
boxing and mma gyms near me,0,1,0%,92
real boxing only gym,0,1,0%,92
boxing for youth development,0,1,0%,93
mcf warpath boxing and mma academy,0,1,0%,93
private mma trainer,0,1,0%,93
boxing erie pa,0,1,0%,94
combat gym near me,0,1,0%,94
kickboxing classes pennsylvania,0,1,0%,95
allentown boxing gym,0,1,0%,96
boxing classes for 13 year olds near me,0,1,0%,96
boxing gyms lancaster pa,0,1,0%,96
beginners boxing class near me,0,1,0%,97
boxing private training,0,1,0%,97
downtown boxing gym youth program,0,1,0%,97
boxing gym pittsburgh pa,0,1,0%,99
boxing gyms in allentown pa,0,1,0%,100
mma expertise,0,1,0%,100